<?xml version="1.0" encoding="utf-8"?>
<includes>

    <include name="BannerLayout">
        <control type="image">
            <bordersize>8</bordersize>
            <texture fallback="resource://resource.images.skinicons.wide/video.png" diffuse="diffuse/banner.png" border="5" background="true">$VAR[BannerImage]</texture>
            <aspectratio align="center" aligny="center">stretch</aspectratio>
            <visible>!String.IsEmpty(ListItem.Art(banner)) | !String.IsEmpty(ListItem.Art(tvshow.banner)) | !String.IsEmpty(ListItem.Property(banner))</visible>
        </control>
        <control type="image">
            <bordersize>8</bordersize>
            <texture fallback="resource://resource.images.skinicons.wide/video.png" diffuse="diffuse/banner.png" border="0" background="true">$VAR[BannerImageFallback]</texture>
            <aspectratio align="center" aligny="center" scalediffuse="false">scale</aspectratio>
            <visible>String.IsEmpty(ListItem.Art(banner)) + String.IsEmpty(ListItem.Art(tvshow.banner)) + String.IsEmpty(ListItem.Property(banner))</visible>
        </control>

        <control type="image">
            <bordersize>15</bordersize>
            <aspectratio scalediffuse="false" align="center" aligny="center">keep</aspectratio>
            <texture background="true">$INFO[ListItem.Art(clearlogo)]</texture>
            <visible>String.IsEmpty(ListItem.Art(banner)) + String.IsEmpty(ListItem.Art(tvshow.banner)) + String.IsEmpty(ListItem.Property(banner))</visible>
        </control>
        <control type="label">
            <left>5%</left>
            <width>90%</width>
            <height>100%</height>
            <align>center</align>
            <label>$INFO[ListItem.Label]</label>
            <font>Bold34</font>
            <shadowcolor>black</shadowcolor>
            <visible>String.IsEmpty(ListItem.Art(banner)) + String.IsEmpty(ListItem.Art(tvshow.banner)) + String.IsEmpty(ListItem.Art(clearlogo)) + String.IsEmpty(ListItem.Property(banner))</visible>
            <visible>!String.IsEmpty(ListItem.Art(fanart))</visible>
        </control>
        <control type="group">
            <right>8</right>
            <top>8</top>
            <include>WatchedIndicatorNormal</include>
        </control>
	</include>

 <include name="BannerBingieLayout">
        <control type="image">
            <bordersize>8</bordersize>
            <texture fallback="resource://resource.images.skinicons.wide/video.png" diffuse="diffuse/banner.png" background="true">$VAR[BannerImage]</texture>
            <aspectratio align="center" aligny="center">stretch</aspectratio>
            <visible>!String.IsEmpty(ListItem.Art(banner)) | !String.IsEmpty(ListItem.Art(tvshow.banner)) | !String.IsEmpty(ListItem.Property(banner))</visible>
        </control>
        <control type="image">
            <bordersize>8</bordersize>
            <texture fallback="resource://resource.images.skinicons.wide/video.png" diffuse="diffuse/banner.png" background="true">$VAR[BannerImageFallback]</texture>
            <aspectratio align="center" aligny="center" scalediffuse="false">scale</aspectratio>
            <visible>String.IsEmpty(ListItem.Art(banner)) + String.IsEmpty(ListItem.Art(tvshow.banner)) + String.IsEmpty(ListItem.Property(banner))</visible>
        </control>

        <control type="image">
            <bordersize>15</bordersize>
            <aspectratio scalediffuse="false" align="center" aligny="center">keep</aspectratio>
            <texture background="true">$INFO[ListItem.Art(clearlogo)]</texture>
            <visible>String.IsEmpty(ListItem.Art(banner)) + String.IsEmpty(ListItem.Art(tvshow.banner)) + String.IsEmpty(ListItem.Property(banner))</visible>
        </control>
        <control type="label">
            <left>5%</left>
            <width>90%</width>
            <height>100%</height>
            <align>center</align>
            <label>$INFO[ListItem.Label]</label>
            <font>Bold34</font>
            <shadowcolor>black</shadowcolor>
            <visible>String.IsEmpty(ListItem.Art(banner)) + String.IsEmpty(ListItem.Art(tvshow.banner)) + String.IsEmpty(ListItem.Art(clearlogo)) + String.IsEmpty(ListItem.Property(banner))</visible>
            <visible>!String.IsEmpty(ListItem.Art(fanart))</visible>
        </control>
        <control type="group">
            <right>8</right>
            <top>8</top>
            <include>WatchedIndicatorNormal</include>
        </control>
	</include>

</includes>