﻿<?xml version="1.0" encoding="UTF-8" standalone="yes"?>
<addon id="resource.images.backgroundoverlays.basic" name="Background Overlays Pack - Basic" version="1.0.0" provider-name="marcelveldt, mgonzales">
	<extension point="kodi.resource.images" compile="false" type="backgroundoverlays" />
	<requires>
		<import addon="kodi.resource" version="1.0.0"/>
	</requires>
	<extension point="xbmc.addon.metadata">
		<summary lang="en">Pack of images that can be used as background overlay</summary>
		<description lang="en">Pack of images that can be used as background overlay</description>
		<platform>all</platform>
		<assets>
			<icon>icon.png</icon>
			<fanart>fanart.jpg</fanart>
		</assets>
	</extension>
</addon>
