<?xml version="1.0" encoding="UTF-8" standalone="yes"?>
<addon id="screensaver.titan.bingie.mod" name="TBM Screensaver" version="1.0.0" provider-name="drinfernoo, matke">
    <requires>
        <import addon="skin.titan.bingie.mod" version="2.1.0"/>
    </requires>
    
    <extension point="xbmc.ui.screensaver" library="default.py"/>
    <extension point="xbmc.python.script" library="script.py"/>
    
    <extension point="xbmc.addon.metadata">
        <summary lang="en">TBM Screensaver</summary>
        <description lang="en">Netflix styled screensaver. Fork of Artic Mirage by drinfernoo.</description>
        <assets>
            <icon>icon.png</icon>
            <fanart>fanart.jpg</fanart>
        </assets>
    </extension>
</addon>
