<?xml version='1.0' encoding='UTF-8'?>
<shortcuts>
	<shortcut>
		<label>31051</label>
		<label2>TV shows</label2>
		<defaultID>369</defaultID>
		<icon />
		<thumb />
		<action>ActivateWindow(Videos,videodb://tvshows/titles/,return)</action>
	</shortcut>
	<shortcut>
		<label>$ADDON[script.skin.helper.widgets 32045]</label>
		<label2>TV shows</label2>
		<defaultID>369</defaultID>
		<icon/>
		<thumb />
		<action>ActivateWindow(Videos,plugin://script.skin.helper.widgets/?action=recent&amp;mediatype=tvshows&amp;limit=250,return)</action>
	</shortcut>
	<shortcut>
		<label>20387</label>
		<label2>TV shows</label2>
		<defaultID>20387</defaultID>
		<icon />
		<thumb />
		<action>ActivateWindow(Videos,videodb://recentlyaddedepisodes/,return)</action>
	</shortcut>
	<shortcut>
		<label>626</label>
		<label2>TV shows</label2>
		<defaultID>626</defaultID>
		<icon />
		<thumb />
		<action>ActivateWindow(Videos,videodb://inprogresstvshows,return)</action>
	</shortcut>
	<shortcut>
		<label>135</label>
		<label2>TV shows</label2>
		<defaultID>135</defaultID>
		<icon />
		<thumb />
		<action>ActivateWindow(Videos,videodb://tvshows/genres/,return)</action>
	</shortcut>
	<shortcut>
		<label>$ADDON[script.skin.helper.widgets 32043]</label>
		<label2>TV shows</label2>
		<defaultID>369</defaultID>
		<icon />
		<thumb />
		<action>ActivateWindow(Videos,plugin://script.skin.helper.widgets/?action=nextaired&amp;mediatype=episodes&amp;limit=250,return)</action>
	</shortcut>
	<shortcut>
		<label>137</label>
		<label2>TV shows</label2>
		<defaultID>137</defaultID>
		<icon />
		<thumb />
		<action>ActivateWindow(1106,return)</action>
	</shortcut>
</shortcuts>
